{
	"background" : "#282C34",
	"black" : "#282C34",
	"blue" : "#61AFEF",
	"brightBlack" : "#282C34",
	"brightBlue" : "#61AFEF",
	"brightCyan" : "#56B6C2",
	"brightGreen" : "#98C379",
	"brightPurple" : "#C678DD",
	"brightRed" : "#E06C75",
	"brightWhite" : "#DCDFE4",
	"brightYellow" : "#E5C07B",
	"cyan" : "#56B6C2",
	"foreground" : "#DCDFE4",
	"green" : "#98C379",
	"name" : "One Half Dark",
	"purple" : "#C678DD",
	"red" : "#E06C75",
	"white" : "#DCDFE4",
	"yellow" : "#E5C07B"
},
{
	"background" : "#FAFAFA",
	"black" : "#383A42",
	"blue" : "#0184BC",
	"brightBlack" : "#383A42",
	"brightBlue" : "#0184BC",
	"brightCyan" : "#0997B3",
	"brightGreen" : "#50A14F",
	"brightPurple" : "#A626A4",
	"brightRed" : "#E45649",
	"brightWhite" : "#FAFAFA",
	"brightYellow" : "#C18401",
	"cyan" : "#0997B3",
	"foreground" : "#383A42",
	"green" : "#50A14F",
	"name" : "One Half Light",
	"purple" : "#A626A4",
	"red" : "#E45649",
	"white" : "#FAFAFA",
	"yellow" : "#C18401"
}